-- phpMyAdmin SQL Dump
-- version 4.1.14
-- http://www.phpmyadmin.net
--
-- Client :  127.0.0.1
-- Généré le :  Mar 08 Décembre 2020 à 01:22
-- Version du serveur :  5.6.17
-- Version de PHP :  5.5.12

SET SQL_MODE = "NO_AUTO_VALUE_ON_ZERO";
SET time_zone = "+00:00";


/*!40101 SET @OLD_CHARACTER_SET_CLIENT=@@CHARACTER_SET_CLIENT */;
/*!40101 SET @OLD_CHARACTER_SET_RESULTS=@@CHARACTER_SET_RESULTS */;
/*!40101 SET @OLD_COLLATION_CONNECTION=@@COLLATION_CONNECTION */;
/*!40101 SET NAMES utf8 */;

--
-- Base de données :  `kahootbinks`
--

-- --------------------------------------------------------

--
-- Structure de la table `categorie`
--

CREATE TABLE IF NOT EXISTS `categorie` (
  `idCategorie` int(11) NOT NULL AUTO_INCREMENT,
  `nomCategorie` varchar(100) NOT NULL,
  PRIMARY KEY (`idCategorie`),
  UNIQUE KEY `nomCategorie` (`nomCategorie`)
) ENGINE=InnoDB  DEFAULT CHARSET=latin1 AUTO_INCREMENT=15 ;

--
-- Contenu de la table `categorie`
--

INSERT INTO `categorie` (`idCategorie`, `nomCategorie`) VALUES
(5, 'Automobile (Jouez à plus de 300 à l''heure !)'),
(1, 'Constructeurs auto (Un piéton sur deux va chercher sa voiture)'),
(8, 'Cuisine étrangère (Apfelstrudel ou blini  ?)'),
(2, 'Culture en vrac (De la culture générale à tous les niveaux)'),
(10, 'Culture générale (Tout sur tout)'),
(13, 'Culture sociale (Ils ont marqué leur époque à jamais)'),
(9, 'Géo pour tous (Là où je t''emmènerai)'),
(7, 'Inventions (Le génie au service de tous)'),
(3, 'Italie (Le pays de l''amour)'),
(6, 'Marques et slogans (Identité visuelle, sonore et olfactive)'),
(4, 'Paris aujourd''hui (Ville Lumière)'),
(12, 'Princesses Disney (Ces héroïnes de notre enfance)'),
(11, 'Secrets du cinéma (Anecdotes et culture générale)'),
(14, 'Villes du monde (Bien loin de la vie champêtre)');

-- --------------------------------------------------------

--
-- Structure de la table `joueur`
--

CREATE TABLE IF NOT EXISTS `joueur` (
  `idJoueur` int(11) NOT NULL AUTO_INCREMENT,
  `pseudo` varchar(20) NOT NULL,
  PRIMARY KEY (`idJoueur`),
  UNIQUE KEY `pseudo_UNIQUE` (`pseudo`)
) ENGINE=InnoDB  DEFAULT CHARSET=latin1 AUTO_INCREMENT=7 ;

--
-- Contenu de la table `joueur`
--

INSERT INTO `joueur` (`idJoueur`, `pseudo`) VALUES
(4, 'Anass'),
(2, 'Axel'),
(1, 'Mehdi'),
(3, 'Othmane'),
(6, 'Youssef'),
(5, 'Zyzz');

-- --------------------------------------------------------

--
-- Structure de la table `joueur_partie`
--

CREATE TABLE IF NOT EXISTS `joueur_partie` (
  `Joueur_idJoueur` int(11) NOT NULL,
  `Partie_idPartie` int(11) NOT NULL,
  `score` int(11) NOT NULL,
  PRIMARY KEY (`Joueur_idJoueur`,`Partie_idPartie`),
  KEY `fk_Score_Joueur1_idx` (`Joueur_idJoueur`),
  KEY `fk_Score_Partie1_idx` (`Partie_idPartie`)
) ENGINE=InnoDB DEFAULT CHARSET=latin1;

--
-- Contenu de la table `joueur_partie`
--

INSERT INTO `joueur_partie` (`Joueur_idJoueur`, `Partie_idPartie`, `score`) VALUES
(1, 1, 0),
(2, 1, 0),
(3, 1, 0),
(5, 16, 0);

-- --------------------------------------------------------

--
-- Structure de la table `partie`
--

CREATE TABLE IF NOT EXISTS `partie` (
  `idPartie` int(11) NOT NULL AUTO_INCREMENT,
  `datePartie` date NOT NULL,
  `Categorie_idCategorie` int(11) NOT NULL,
  `nbrJoueur` int(11) DEFAULT NULL,
  PRIMARY KEY (`idPartie`),
  KEY `fk_Partie_Categorie1` (`Categorie_idCategorie`)
) ENGINE=InnoDB  DEFAULT CHARSET=latin1 AUTO_INCREMENT=17 ;

--
-- Contenu de la table `partie`
--

INSERT INTO `partie` (`idPartie`, `datePartie`, `Categorie_idCategorie`, `nbrJoueur`) VALUES
(1, '2020-08-08', 4, 3),
(16, '2020-12-07', 1, 11);

-- --------------------------------------------------------

--
-- Structure de la table `proposition`
--

CREATE TABLE IF NOT EXISTS `proposition` (
  `Reponse_idReponse` int(11) NOT NULL,
  `Question_idQuestion` int(11) NOT NULL,
  PRIMARY KEY (`Reponse_idReponse`,`Question_idQuestion`),
  KEY `fk_Propositions_Reponse1_idx` (`Reponse_idReponse`),
  KEY `fk_Propositions_Question1_idx` (`Question_idQuestion`)
) ENGINE=InnoDB DEFAULT CHARSET=latin1;

--
-- Contenu de la table `proposition`
--

INSERT INTO `proposition` (`Reponse_idReponse`, `Question_idQuestion`) VALUES
(1, 1),
(2, 1),
(3, 1),
(4, 1),
(5, 2),
(6, 2),
(7, 2),
(8, 2),
(9, 3),
(10, 3),
(11, 3),
(12, 3),
(13, 4),
(14, 4),
(15, 4),
(16, 4),
(17, 5),
(18, 5),
(19, 5),
(20, 5),
(21, 6),
(22, 6),
(23, 6),
(24, 6),
(25, 7),
(26, 7),
(27, 7),
(28, 7),
(29, 8),
(30, 8),
(31, 8),
(32, 8),
(33, 9),
(34, 9),
(35, 9),
(36, 9),
(37, 10),
(38, 10),
(39, 10),
(40, 10),
(41, 11),
(42, 11),
(43, 11),
(44, 11),
(45, 12),
(46, 12),
(47, 12),
(48, 12),
(49, 13),
(50, 13),
(51, 13),
(52, 13),
(53, 14),
(54, 14),
(55, 14),
(56, 14),
(57, 15),
(58, 15),
(59, 15),
(60, 15),
(61, 16),
(62, 16),
(63, 16),
(64, 16),
(65, 17),
(66, 17),
(67, 17),
(68, 17),
(69, 18),
(70, 18),
(71, 18),
(72, 18),
(73, 19),
(74, 19),
(75, 19),
(76, 19),
(77, 20),
(78, 20),
(79, 20),
(80, 20),
(81, 21),
(82, 21),
(83, 21),
(84, 21),
(85, 22),
(86, 22),
(87, 22),
(88, 22),
(89, 23),
(90, 23),
(91, 23),
(92, 23),
(93, 24),
(94, 24),
(95, 24),
(96, 24),
(97, 25),
(98, 25),
(99, 25),
(100, 25),
(101, 26),
(102, 26),
(103, 26),
(104, 26),
(105, 27),
(106, 27),
(107, 27),
(108, 27),
(109, 28),
(110, 28),
(111, 28),
(112, 28),
(113, 29),
(114, 29),
(115, 29),
(116, 29),
(117, 30),
(118, 30),
(119, 30),
(120, 30),
(121, 31),
(122, 31),
(123, 31),
(124, 31),
(125, 32),
(126, 32),
(127, 32),
(128, 32),
(129, 33),
(130, 33),
(131, 33),
(132, 33),
(133, 34),
(134, 34),
(135, 34),
(136, 34),
(137, 35),
(138, 35),
(139, 35),
(140, 35),
(141, 36),
(142, 36),
(143, 36),
(144, 36),
(145, 37),
(146, 37),
(147, 37),
(148, 37),
(149, 38),
(150, 38),
(151, 38),
(152, 38),
(153, 39),
(154, 39),
(155, 39),
(156, 39),
(157, 40),
(158, 40),
(159, 40),
(160, 40),
(161, 41),
(162, 41),
(163, 41),
(164, 41),
(165, 42),
(166, 42),
(167, 42),
(168, 42),
(169, 43),
(170, 43),
(171, 43),
(172, 43),
(173, 44),
(174, 44),
(175, 44),
(176, 44),
(177, 45),
(178, 45),
(179, 45),
(180, 45),
(181, 46),
(182, 46),
(183, 46),
(184, 46),
(185, 47),
(186, 47),
(187, 47),
(188, 47),
(189, 48),
(190, 48),
(191, 48),
(192, 48),
(193, 49),
(194, 49),
(195, 49),
(196, 49),
(197, 50),
(198, 50),
(199, 50),
(200, 50),
(201, 51),
(202, 51),
(203, 51),
(204, 51),
(205, 52),
(206, 52),
(207, 52),
(208, 52),
(209, 53),
(210, 53),
(211, 53),
(212, 53),
(213, 54),
(214, 54),
(215, 54),
(216, 54),
(217, 55),
(218, 55),
(219, 55),
(220, 55),
(221, 56),
(222, 56),
(223, 56),
(224, 56),
(225, 57),
(226, 57),
(227, 57),
(228, 57),
(229, 58),
(230, 58),
(231, 58),
(232, 58),
(233, 59),
(234, 59),
(235, 59),
(236, 59),
(237, 60),
(238, 60),
(239, 60),
(240, 60),
(241, 61),
(242, 61),
(243, 61),
(244, 61),
(245, 62),
(246, 62),
(247, 62),
(248, 62),
(249, 63),
(250, 63),
(251, 63),
(252, 63),
(253, 64),
(254, 64),
(255, 64),
(256, 64),
(257, 65),
(258, 65),
(259, 65),
(260, 65),
(261, 66),
(262, 66),
(263, 66),
(264, 66),
(265, 67),
(266, 67),
(267, 67),
(268, 67),
(269, 68),
(270, 68),
(271, 68),
(272, 68),
(273, 69),
(274, 69),
(275, 69),
(276, 69),
(277, 70),
(278, 70),
(279, 70),
(280, 70),
(281, 71),
(282, 71),
(283, 71),
(284, 71),
(285, 72),
(286, 72),
(287, 72),
(288, 72),
(289, 73),
(290, 73),
(291, 73),
(292, 73),
(293, 74),
(294, 74),
(295, 74),
(296, 74),
(297, 75),
(298, 75),
(299, 75),
(300, 75),
(301, 76),
(302, 76),
(303, 76),
(304, 76),
(305, 77),
(306, 77),
(307, 77),
(308, 77),
(309, 78),
(310, 78),
(311, 78),
(312, 78),
(313, 79),
(314, 79),
(315, 79),
(316, 79),
(317, 80),
(318, 80),
(319, 80),
(320, 80),
(321, 81),
(322, 81),
(323, 81),
(324, 81),
(325, 82),
(326, 82),
(327, 82),
(328, 82),
(329, 83),
(330, 83),
(331, 83),
(332, 83),
(333, 84),
(334, 84),
(335, 84),
(336, 84),
(337, 85),
(338, 85),
(339, 85),
(340, 85),
(341, 86),
(342, 86),
(343, 86),
(344, 86),
(345, 87),
(346, 87),
(347, 87),
(348, 87),
(349, 88),
(350, 88),
(351, 88),
(352, 88),
(353, 89),
(354, 89),
(355, 89),
(356, 89),
(357, 90),
(358, 90),
(359, 90),
(360, 90),
(361, 91),
(362, 91),
(363, 91),
(364, 91),
(365, 92),
(366, 92),
(367, 92),
(368, 92),
(369, 93),
(370, 93),
(371, 93),
(372, 93),
(373, 94),
(374, 94),
(375, 94),
(376, 94),
(377, 95),
(378, 95),
(379, 95),
(380, 95),
(381, 96),
(382, 96),
(383, 96),
(384, 96),
(385, 97),
(386, 97),
(387, 97),
(388, 97),
(389, 98),
(390, 98),
(391, 98),
(392, 98),
(393, 99),
(394, 99),
(395, 99),
(396, 99),
(397, 100),
(398, 100),
(399, 100),
(400, 100),
(401, 101),
(402, 101),
(403, 101),
(404, 101),
(405, 102),
(406, 102),
(407, 102),
(408, 102),
(409, 103),
(410, 103),
(411, 103),
(412, 103),
(413, 104),
(414, 104),
(415, 104),
(416, 104),
(417, 105),
(418, 105),
(419, 105),
(420, 105),
(421, 106),
(422, 106),
(423, 106),
(424, 106),
(425, 107),
(426, 107),
(427, 107),
(428, 107),
(429, 108),
(430, 108),
(431, 108),
(432, 108),
(433, 109),
(434, 109),
(435, 109),
(436, 109),
(437, 110),
(438, 110),
(439, 110),
(440, 110),
(441, 111),
(442, 111),
(443, 111),
(444, 111),
(445, 112),
(446, 112),
(447, 112),
(448, 112),
(449, 113),
(450, 113),
(451, 113),
(452, 113),
(453, 114),
(454, 114),
(455, 114),
(456, 114),
(457, 115),
(458, 115),
(459, 115),
(460, 115),
(461, 116),
(462, 116),
(463, 116),
(464, 116),
(465, 117),
(466, 117),
(467, 117),
(468, 117),
(469, 118),
(470, 118),
(471, 118),
(472, 118),
(473, 119),
(474, 119),
(475, 119),
(476, 119),
(477, 120),
(478, 120),
(479, 120),
(480, 120),
(481, 121),
(482, 121),
(483, 121),
(484, 121),
(485, 122),
(486, 122),
(487, 122),
(488, 122),
(489, 123),
(490, 123),
(491, 123),
(492, 123),
(493, 124),
(494, 124),
(495, 124),
(496, 124),
(497, 125),
(498, 125),
(499, 125),
(500, 125),
(501, 126),
(502, 126),
(503, 126),
(504, 126),
(505, 127),
(506, 127),
(507, 127),
(508, 127),
(509, 128),
(510, 128),
(511, 128),
(512, 128),
(513, 129),
(514, 129),
(515, 129),
(516, 129),
(517, 130),
(518, 130),
(519, 130),
(520, 130),
(521, 131),
(522, 131),
(523, 131),
(524, 131),
(525, 132),
(526, 132),
(527, 132),
(528, 132),
(529, 133),
(530, 133),
(531, 133),
(532, 133),
(533, 134),
(534, 134),
(535, 134),
(536, 134),
(537, 135),
(538, 135),
(539, 135),
(540, 135),
(541, 136),
(542, 136),
(543, 136),
(544, 136),
(545, 137),
(546, 137),
(547, 137),
(548, 137),
(549, 138),
(550, 138),
(551, 138),
(552, 138),
(553, 139),
(554, 139),
(555, 139),
(556, 139),
(557, 140),
(558, 140),
(559, 140),
(560, 140);

-- --------------------------------------------------------

--
-- Structure de la table `question`
--

CREATE TABLE IF NOT EXISTS `question` (
  `idQuestion` int(11) NOT NULL AUTO_INCREMENT,
  `texteQuestion` varchar(100) NOT NULL,
  `Categorie_idCategorie` int(11) NOT NULL,
  `Reponse_idReponse` int(11) NOT NULL,
  PRIMARY KEY (`idQuestion`),
  UNIQUE KEY `texteQuestion` (`texteQuestion`),
  KEY `fk_Question_Categorie1_idx` (`Categorie_idCategorie`),
  KEY `fk_Question_Reponse1_idx` (`Reponse_idReponse`)
) ENGINE=InnoDB  DEFAULT CHARSET=latin1 AUTO_INCREMENT=141 ;

--
-- Contenu de la table `question`
--

INSERT INTO `question` (`idQuestion`, `texteQuestion`, `Categorie_idCategorie`, `Reponse_idReponse`) VALUES
(1, 'Quel constructeur automobile a pour slogan le plaisir de conduire ?', 1, 1),
(2, 'Quelles couleurs sont présentes sur le logo circulaire de la marque BMW ?', 1, 5),
(3, 'Quel constructeur automobile a produit les modèles Diablo et Countach ?', 1, 9),
(4, 'Laquelle de ces voitures est un modèle du constructeur Nissan ?', 1, 13),
(5, 'Quel constructeur haut de gamme a pour ornement l''Esprit d''extase ?', 1, 17),
(6, 'Lequel de ces modèles Volkswagen reste aujourd''hui le plus vendu au monde ?', 1, 21),
(7, 'Quel constructeur a produit la très populaire Coccinelle ?', 1, 25),
(8, 'Combien de passagers peut accueillir une Tesla Modèle S de 2014 ?', 1, 29),
(9, 'Quel constructeur automobile a créé le modèle Cayenne ?', 1, 33),
(10, 'Quel constructeur a produit une voiture hybride du nom de Civic ?', 1, 37),
(11, 'Que jette-t-on sur le ring en cas d''abandon durant un match de boxe ?', 2, 41),
(12, 'Quelle espèce d''oiseaux encore présente en Europe gringotte, quiritte ou trille ?', 2, 45),
(13, 'Qui est devenu célèbre grâce au « Poinçonneur des Lilas » sorti en 1958 ?', 2, 49),
(14, 'Laquelle de ces professions ne peut-on associer au grand Léonard de Vinci ?', 2, 53),
(15, 'Fils de Laïos et de Jocaste, qui Oedipe a-t-il tué dans la mythologie grecque ?', 2, 57),
(16, 'En France, à la Libération, combien se retrouvèrent à Notre-Dame de Paris ?', 2, 61),
(17, 'En quelle année a été bu le premier Coca-Cola concocté par John Pemberton ?', 2, 65),
(18, 'Dans quelle ville se sont déroulés les Jeux olympiques de 1900 ?', 2, 69),
(19, 'À quelle substance naturelle ou synthétique la pénicilline est-elle associée ?', 2, 73),
(20, 'Quel prix Nobel Winston Leonard Spencer-Churchill a-t-il reçu en 1953 ?', 2, 77),
(21, 'Vue du ciel, à quoi compare-t-on souvent la forme très spécifique du territoire italien ?', 3, 81),
(22, 'Le Colisée, situé dans le centre de la ville de Rome, entre l''Esquilin et le Cælius, est un...', 3, 85),
(23, 'Dans quelle ville touristique italienne peut-on admirer le palais des Doges ?', 3, 89),
(24, 'Quel homme politique et homme d''affaires italien est surnommé « Il Cavaliere » ?', 3, 93),
(25, 'Quelle est la vitesse maximale autorisée sur la totalité des autoroutes en Italie ?', 3, 97),
(26, 'Quelles pâtes alimentaires italiennes farcies sont façonnées en petites couronnes ?', 3, 101),
(27, 'Dans quelle ville se trouve la célèbre fontaine de Trevi, incontournable site touristique ?', 3, 105),
(28, 'Comment appelle-t-on les membres de la mafia italienne, d''abord développée en Sicile ?', 3, 109),
(29, 'Quels volcans italiens sont passés en activité au cours du XXe siècle ?', 3, 113),
(30, 'Quelle ville italienne abrite le pont du Rialto, l''un des monuments les plus visités de la cité ?', 3, 117),
(31, 'Lequel de ces surnoms est parfois donné à la ville de Paris ?', 4, 121),
(32, 'En 2024, combien de fois Paris aura-t-elle accueilli les Jeux olympiques ?', 4, 125),
(33, 'De part et d''autre de quel fleuve s''étend la ville de Paris ?', 4, 129),
(34, 'Quelle étendue boisée est située dans le 16e arrondissement de Paris ?', 4, 133),
(35, 'Dans quel quartier est situé le point culminant de la capitale française ?', 4, 137),
(36, 'Quel transport en commun assure jusqu''à 20 % des déplacements parisiens ?', 4, 141),
(37, 'Quel aéroport francilien est situé à 10 km au sud de Paris ?', 4, 145),
(38, 'Quelle colonne est un élément du mobilier urbain initialement parisien ?', 4, 149),
(39, 'Qui est devenue en 2014 la première femme maire de Paris ?', 4, 153),
(40, 'Quel stade de football a pour résident actuel le Paris Saint-Germain ?', 4, 157),
(41, 'Dans quel pays se situe le circuit de course automobile du Mans ?', 5, 161),
(42, 'À quel modèle de voiture ressemble le vieux tacot jaune que conduit Gaston Lagaffe ?', 5, 165),
(43, 'Quel sport automobile consiste à accélérer le plus rapidement possible avec son véhicule ?', 5, 169),
(44, 'Comment s''appelle le véhicule du personnage de bande dessinée Batman ?', 5, 173),
(45, 'De quand date le Duster, véhicule utilitaire sport vendu par la marque roumaine Dacia ?', 5, 177),
(46, 'En France, refuser une priorité peut vous coûter combien de points sur le permis ?', 5, 181),
(47, 'Quelle principauté accueille l''un des plus prestigieux Grand Prix de Formule 1 ?', 5, 185),
(48, 'Quel principal organisme régit les courses automobiles de stock-car aux États-Unis ?', 5, 189),
(49, 'Dans le monde automobile, quel sigle correspond au Grand Tourisme Injection ?', 5, 193),
(50, 'Quelle société appartenant au groupe Belron « répare et remplace » votre pare-brise ?', 5, 197),
(51, 'De quelle filiale du groupe Nestlé George Clooney est-il devenu l''ambassadeur ?', 6, 201),
(52, 'Quelle marque de jeans mondialement connue fabrique le célèbre 501 ?', 6, 205),
(53, 'Une marque de whisky écossais extrêmement populaire se nomme « Johnnie... »', 6, 209),
(54, 'Quelle marque vous invite à savourer « un café nommé désir » ?', 6, 213),
(55, 'Quelle marque vous garantit « le goût des choses simples » ?', 6, 217),
(56, 'Quelle grande marque de matériel informatique a pour logo une pomme ?', 6, 221),
(57, 'Quelle enseigne vous invite à rester « tous unis contre la vie chère » ?', 6, 225),
(58, 'De quelle poudre chocolatée pourriez-vous avoir « une énorme envie » ?', 6, 229),
(59, '« Secouez-moi, secouez-moi » a longtemps été le slogan de quelle grande marque ?', 6, 233),
(60, 'Quel détaillant vous invite au « pays où la vie est moins chère » ?', 6, 237),
(61, 'Qui a réussi à imposer la commercialisation de la poubelle ?', 6, 241),
(62, 'Laquelle de ces inventions ne porte pas le nom de son inventeur ?', 7, 245),
(63, 'Quelle compétition prime chaque année les meilleures inventions françaises ?', 7, 249),
(64, 'Quel jeu de société international Chris Haney et Scott Abbott ont-ils créé ?', 7, 253),
(65, 'Qui a inventé la dynamite au moyen de la nitroglycérine ?', 7, 257),
(66, 'Quel biologiste français a inventé la pasteurisation de la bière ?', 7, 261),
(67, 'Quel inventeur italien a conçu à la fin du XVe siècle un canon et un parachute ?', 7, 265),
(68, 'Selon des textes anciens, dans quel pays a-t-on inventé le cerf-volant ?', 7, 269),
(69, 'En quelle année la couturière Mary Quant a-t-elle inventé la minijupe ?', 7, 273),
(70, 'Quel billet le banquier Law a-t-il inventé au XVIIIe siècle ?', 7, 277),
(71, 'Quel poisson faut-il pêcher pour obtenir du caviar à moindre coût ?', 8, 281),
(72, 'Qu''y a-t-il dans un cappuccino et pas dans un expresso ni même dans un café viennois ?', 8, 285),
(73, 'Qu''est-ce qu''un blini, dont le nom vient du vieux slave « mlin », qui signifie « moudre » ?', 8, 289),
(74, 'Quel fruit sert à la préparation d''un apfelstrudel, gâteau traditionnel autrichien ?', 8, 293),
(75, 'Qu''y a-t-il dans un chili con carne en plus des haricots pimentés à la tomate ?', 8, 297),
(76, 'Où fabrique-t-on le mousseux italien nommé « Asti Spumante » ?', 8, 301),
(77, 'Que trouve-t-on dans le sushi et dans le gohan japonais, cuit à l''eau sans aucun condiment ?', 8, 305),
(78, 'Les feuilles de quelle plante met-on dans le thé au Maroc ?', 8, 309),
(79, 'Quelle ville située à l''est de Milan a donné son nom à un fromage bleu au goût prononcé ?', 8, 313),
(80, 'Que mettent les ménagères anglaises dans le Christmas Cake pour mieux le conserver ?', 8, 317),
(81, 'Dans quel océan se déverse l''Amazone, de loin le plus élevé de tous les fleuves de la planète ?', 9, 321),
(82, 'Où peut-on se rendre dans la plus grande île et le plus petit continent du monde ?', 9, 325),
(83, 'Où peut-on marcher sur la place Tian''anmen, au sud de la porte de la Paix céleste ?', 9, 329),
(84, 'Quelle est la plus grande ville du Grand-Duché de Luxembourg ainsi que sa capitale ?', 9, 333),
(85, 'Quel pays sans côte océanique partage en toute tranquillité le lac Majeur avec l''Italie ?', 9, 337),
(86, 'Où se trouve Ankara, ville nouvelle aux origines pourtant très anciennes ?', 9, 341),
(87, 'Sur quel tropique se trouve Taiwan, connue comme la République de Chine ?', 9, 345),
(88, 'Quel est le pays entouré par le Lichtenstein, l''Italie, l''Autriche, l''Allemagne et la France ?', 9, 349),
(89, 'Dans quel pays allez-vous si vous partez à la recherche du comte Dragul, en Transylvanie ?', 9, 353),
(90, 'Quel tropique indiqué sur les cartes terrestres passe entre la Floride et Cuba ?', 9, 357),
(91, 'Quel film à succès a réuni sur les écrans Sean Connery et Christophe Lambert ?', 10, 361),
(92, 'Quel pays, dont les premiers habitants étaient des Newars, a pour capitale Katmandou ?', 10, 365),
(93, 'Dans quel film John Travolta incarne-t-il un ange tombé du ciel ?', 10, 369),
(94, 'Pour quel auteur-compositeur-interprète aux 40 millions de disques Capri est-il fini ?', 10, 373),
(95, 'Quel peintre, né en 1844, est également appelé par beaucoup le Douanier ?', 10, 377),
(96, 'Quel personnage imaginaire fut popularisé par le roman de E.R. Burroughs et par le cinéma ?', 10, 381),
(97, 'Quelle est la seule valeur à la roulette à porter la couleur verte ?', 10, 385),
(98, 'Quelle est la race du chien de Columbo, l''inspecteur obstiné et perspicace de la télé ?', 10, 389),
(99, 'Quelle est la plus petite unité de mémoire utilisable sur un ordinateur ?', 10, 393),
(100, 'Dans le langage familier, comment appelle-t-on la dent du petit enfant ?', 11, 397),
(101, 'Combien Marilyn Monroe a-t-elle eu de maris en regard à son immense notoriété ?', 11, 401),
(102, 'De quelle grande ville de Californie Hollywood est-elle l''une des banlieues ?', 11, 405),
(103, 'Dans quel film de John Huston le chien d''une orpheline sauve-t-il un milliardaire ?', 11, 409),
(104, 'Par quel animal la Metro-Goldwyn-Mayer s''annonce-t-elle au début de ses films ?', 11, 413),
(105, 'Au cinéma, par quel nom désigne-t-on un acteur de complément qui ne parle pas ?', 11, 417),
(106, 'Au cinéma, quel acteur et directeur de théâtre français est surnommé « Bébel » ?', 11, 421),
(107, 'Au cinéma, comment qualifie-t-on un flou donnant une ambiance poétique ?', 11, 425),
(108, 'Comment appelle-t-on les robots autonomes dans « La guerre des étoiles » ?', 11, 429),
(109, 'Quel genre utilise le suspense pour provoquer une excitation ou une appréhension ?', 11, 433),
(110, 'Comment appelle-t-on la recherche des lieux destinés au tournage d''un film ?', 11, 437),
(111, 'Quelle fleur représentant l''amour est porteuse de mauvais sort dans « La Belle et la Bête » ?', 12, 441),
(112, 'Passé minuit, en quoi le somptueux carrosse de Cendrillon se transforme-t-il ?', 12, 445),
(113, 'Quelle princesse de Disney peut-on entendre chanter « Siffler en travaillant » ? ', 12, 449),
(114, 'Combien de nains ont accueilli Blanche-Neige dans leur chaumière au fond des bois ?', 12, 453),
(115, 'Qui chante « Un jour, mon prince viendra » dans un dessin animé Disney ?', 12, 457),
(116, 'De quelle manière le prince charmant réveille-t-il Blanche-Neige ?', 12, 461),
(117, 'Quelle célèbre princesse du grand écran est empoisonnée avec une pomme ?', 12, 465),
(118, 'Quelle héroïne de Disney se voit refuser le droit de rester au bal après minuit ?', 12, 469),
(119, 'À quelle heure les vêtements de Cendrillon redeviennent-ils ses haillons habituels ?', 12, 473),
(120, 'Qui a été placée dans un cercueil de verre par des nains puis réveillée par un prince ?', 12, 477),
(121, 'De quelle poupée de 29 cm au succès international Ruth Handler est-elle la créatrice ?', 13, 481),
(122, 'Quel célèbre chef cuisinier et restaurateur français s''est donné la mort le 24 février 2003 ?', 13, 485),
(123, 'Quel écrivain belge a fait son entrée dans la collection « La Pléiade » le 6 mars 2003 ?', 13, 489),
(124, 'Quel ex-Beatle a donné un concert sur la place Rouge de Moscou le 24 mai 2003 ?', 13, 493),
(125, 'Des pommes, des poires et des scoubidous : quel chanteur nous a quitté en 2004 ?', 13, 497),
(126, 'Qui est l''auteur du best-seller « Da Vinci Code » publié à des millions d''exemplaires ?', 13, 501),
(127, 'Connu pour ses soirées blanches à Saint-Tropez, qui avait découvert Brel et Dalida ?', 13, 505),
(128, 'Qui s''était fait connaître avec sa chanson « Gaby oh Gaby », en 1980 ?', 13, 509),
(129, 'Quel était le surnom de Michael Jackson qui nous quitta le 25 juin 2009 à 50 ans ?', 13, 513),
(130, 'Le 10 juin 2000, quel chanteur a fêté ses 40 ans de carrière sur le Champ-de-Mars ?', 13, 517),
(131, 'À quelle ville de France l''andouillette, le saucisson et Guignol vous font-ils penser ?', 14, 521),
(132, 'Quelle ville, capitale de la Grèce, comprend notamment le port du Pirée ?', 14, 525),
(133, 'De quelle ville du Sud-Ouest de la France proviennent de célèbres pruneaux AOC ?', 14, 529),
(134, 'De quelle couleur sont les cabines téléphoniques de la ville de Londres ?', 14, 533),
(135, 'Quelle ville réputée pour la qualité de ses cigares est aussi la capitale de Cuba ?', 14, 537),
(136, 'À la fois ville et province, de quel pays Bangkok est-elle la capitale ?', 14, 541),
(137, 'À quelle grande ville d''Afrique l''explorateur Savorgnan de Brazza a-t-il donné son nom ?', 14, 545),
(138, 'Quelle capitale est également le centre politique et culturel de la Chine ?', 14, 549),
(139, 'Laquelle de ces quatre villes espagnoles ne possède pas un port de renom ?', 14, 553),
(140, 'Dans quel pays à forte densité de population la ville de Calcutta est-elle située ?', 14, 557);

-- --------------------------------------------------------

--
-- Structure de la table `questions_partie`
--

CREATE TABLE IF NOT EXISTS `questions_partie` (
  `Question_idQuestion` int(11) NOT NULL,
  `Partie_idPartie` int(11) NOT NULL,
  `idJoueur` int(11) DEFAULT NULL,
  `idReponse` int(11) DEFAULT NULL,
  `score` int(11) DEFAULT NULL,
  KEY `fk_Questions_Partie_Question1_idx` (`Question_idQuestion`),
  KEY `fk_Questions_Partie_Partie1_idx` (`Partie_idPartie`),
  KEY `idJoueur` (`idJoueur`),
  KEY `idReponse` (`idReponse`)
) ENGINE=InnoDB DEFAULT CHARSET=latin1;

-- --------------------------------------------------------

--
-- Structure de la table `reponse`
--

CREATE TABLE IF NOT EXISTS `reponse` (
  `idReponse` int(11) NOT NULL AUTO_INCREMENT,
  `texteReponse` varchar(45) NOT NULL,
  PRIMARY KEY (`idReponse`)
) ENGINE=InnoDB  DEFAULT CHARSET=latin1 AUTO_INCREMENT=601 ;

--
-- Contenu de la table `reponse`
--

INSERT INTO `reponse` (`idReponse`, `texteReponse`) VALUES
(1, 'BMW'),
(2, 'Lexus'),
(3, 'Lotus'),
(4, 'Mercedes'),
(5, 'Bleu et blanc'),
(6, 'Noir et rouge'),
(7, 'Rouge et bleu'),
(8, 'Vert et jaune'),
(9, 'Lamborghini'),
(10, 'Maserati'),
(11, 'Porsche'),
(12, 'Ferrari'),
(13, 'Qashqai'),
(14, 'Fiesta'),
(15, 'Diablo'),
(16, 'Elantra'),
(17, 'Rolls-Royce'),
(18, 'Jaguar'),
(19, 'Mercedes'),
(20, 'Porsche'),
(21, 'Golf'),
(22, 'Jetta'),
(23, 'Scarabée'),
(24, 'Passat'),
(25, 'Volkswagen'),
(26, 'Volvo'),
(27, 'Nissan'),
(28, 'Suzuki'),
(29, 'Sept'),
(30, 'Trois'),
(31, 'Un seul'),
(32, 'Cinq'),
(33, 'Porsche'),
(34, 'Ferrari'),
(35, 'Maserati'),
(36, 'Lamborghini'),
(37, 'Honda'),
(38, 'Jaguar'),
(39, 'Tesla'),
(40, 'Ford'),
(41, 'Éponge'),
(42, 'Culotte'),
(43, 'Protège-dents'),
(44, 'Gant'),
(45, 'Rossignol'),
(46, 'Moineau'),
(47, 'Perroquet'),
(48, 'Corbeau'),
(49, 'Serge Gainsbourg'),
(50, 'Charles Trenet'),
(51, 'Boris Vian'),
(52, 'Johnny Hallyday'),
(53, 'Auteur dramatique'),
(54, 'Sculpteur'),
(55, 'Botaniste'),
(56, 'Peintre'),
(57, 'Son père'),
(58, 'Sa fille'),
(59, 'Sa mère'),
(60, 'Son fils'),
(61, '13 000'),
(62, '17 000'),
(63, '9 000'),
(64, '5 000'),
(65, '1886'),
(66, '1946'),
(67, '1906'),
(68, '1926'),
(69, 'Paris'),
(70, 'Athènes'),
(71, 'Los Angeles'),
(72, 'Rome'),
(73, 'Antibiotique'),
(74, 'Soporifique'),
(75, 'Anesthésique'),
(76, 'Analgésique'),
(77, 'Littérature'),
(78, 'Chimie'),
(79, 'Physique'),
(80, 'Paix'),
(81, 'Une botte'),
(82, 'Une fleur'),
(83, 'Un hexagone'),
(84, 'Un chariot'),
(85, 'Amphithéâtre'),
(86, 'Musée'),
(87, 'Cinéma'),
(88, 'Temple'),
(89, 'Venise'),
(90, 'Florence'),
(91, 'Milan'),
(92, 'Rome'),
(93, 'Silvio Berlusconi'),
(94, 'Roberto Castelli'),
(95, 'Andrea Riccardi'),
(96, 'Alfredo Mantica'),
(97, '130 km/h'),
(98, '100 km/h'),
(99, '120 km/h'),
(100, '110 km/h'),
(101, 'Tortellini'),
(102, 'Capellini'),
(103, 'Fusilli'),
(104, 'Gnocchi'),
(105, 'Rome'),
(106, 'Naples'),
(107, 'Milan'),
(108, 'Turin'),
(109, 'Les mafiosi'),
(110, 'Les marvoli'),
(111, 'Les tifosi'),
(112, 'Les barzotti'),
(113, 'Vésuve et Etna'),
(114, 'Guallatiri et Bromo'),
(115, 'Dempo et Languila'),
(116, 'Misti et Batur'),
(117, 'Venise'),
(118, 'Florence'),
(119, 'Naples'),
(120, 'Turin'),
(121, 'Ville Lumière'),
(122, 'Ville des Vents'),
(123, 'Troisième Rome'),
(124, 'Cité des Anges'),
(125, 'Trois fois'),
(126, 'Quatre fois'),
(127, 'Une fois'),
(128, 'Deux fois'),
(129, 'Seine'),
(130, 'Rhône'),
(131, 'Garonne'),
(132, 'Meuse'),
(133, 'Bois de Boulogne'),
(134, 'Bois de Vincennes'),
(135, 'Buttes-Chaumont'),
(136, 'Parc Monceau'),
(137, 'Montmartre'),
(138, 'Popincourt'),
(139, 'Vaugirard'),
(140, 'Opéra'),
(141, 'Métro'),
(142, 'Bus'),
(143, 'RER'),
(144, 'Taxi'),
(145, 'Orly'),
(146, 'Beauvais'),
(147, 'Mérignac'),
(148, 'Charles-de-Gaulle'),
(149, 'Colonne Morris'),
(150, 'Colonne Davioud'),
(151, 'Colonne Wallace'),
(152, 'Colonne Guimard'),
(153, 'Anne Hidalgo'),
(154, 'Gisèle Halimi'),
(155, 'Christine Herzog'),
(156, 'Hélène Hardy'),
(157, 'Parc des princes'),
(158, 'Vélodrome'),
(159, 'Groupama Stadium'),
(160, 'Stade de France'),
(161, 'En France'),
(162, 'Aux Pays-Bas'),
(163, 'En Suisse'),
(164, 'En Belgique'),
(165, 'Fiat 509'),
(166, 'Rolls-Royce'),
(167, 'Citroën B10'),
(168, 'Jeep'),
(169, 'Le dragster'),
(170, 'Le trial'),
(171, 'Le drift'),
(172, 'Le monster truck'),
(173, 'La Batmobile'),
(174, 'La Batdrive'),
(175, 'La Batauto'),
(176, 'La Batcar'),
(177, '2010'),
(178, '2006'),
(179, '2008'),
(180, '2012'),
(181, '4 points'),
(182, '6 points'),
(183, '8 points'),
(184, '2 points'),
(185, 'Monaco'),
(186, 'Liechtenstein'),
(187, 'Andorre'),
(188, 'Mantoue'),
(189, 'NASCAR'),
(190, 'GOCAR'),
(191, 'LASCAR'),
(192, 'GASPAR'),
(193, 'GTi'),
(194, 'Sport'),
(195, 'TT'),
(196, 'Turbo'),
(197, 'Carglass'),
(198, 'Midas'),
(199, 'Speedy'),
(200, 'Norauto'),
(201, 'Nespresso'),
(202, 'Ricoré'),
(203, 'Jacques Vabre'),
(204, 'Carte Noire'),
(205, 'Levis'),
(206, 'Lee Cooper'),
(207, 'C17'),
(208, 'Diesel'),
(209, 'Walker'),
(210, 'Monster'),
(211, 'Bunker'),
(212, 'Parker'),
(213, 'Carte Noire'),
(214, 'Nespresso'),
(215, 'Ricoré'),
(216, 'Jacques Vabre'),
(217, 'Herta'),
(218, 'Buitoni'),
(219, 'Purina'),
(220, 'Maggi'),
(221, 'Apple'),
(222, 'IBM'),
(223, 'Acer'),
(224, 'Dell'),
(225, 'Intermarché'),
(226, 'Cora'),
(227, 'Super U'),
(228, 'Carrefour'),
(229, 'Nesquik'),
(230, 'Ovomaltine'),
(231, 'Milka'),
(232, 'Banania'),
(233, 'Orangina'),
(234, 'Coca-Cola'),
(235, 'Schweppes'),
(236, 'Pepsi'),
(237, 'Conforama'),
(238, 'Darty'),
(239, 'Pixmania'),
(240, 'Bricoman'),
(241, 'Eugène Poubelle'),
(242, 'Bertrand Landrieu'),
(243, 'Ferdinand Duval'),
(244, 'Louis Lépine'),
(245, 'Le laser'),
(246, 'La poubelle'),
(247, 'Le macadam'),
(248, 'Le colt'),
(249, 'Concours Lépine'),
(250, 'Concours Edison'),
(251, 'Concours Novastar'),
(252, 'Concours Thomas'),
(253, 'Trivial Pursuit'),
(254, 'Monopoly'),
(255, 'Cluedo'),
(256, 'Puissance 4'),
(257, 'Alfred Nobel'),
(258, 'Isaac Newton'),
(259, 'Albert Einstein'),
(260, 'Lavoisier'),
(261, 'Louis Pasteur'),
(262, 'Thomas Preat'),
(263, 'Laurent Chabry'),
(264, 'Maurice Fontaine'),
(265, 'Léonard de Vinci'),
(266, 'Roberto Galletti'),
(267, 'Ettore Bugatti'),
(268, 'Alessandro Volta'),
(269, 'En Chine'),
(270, 'En Inde'),
(271, 'Au Mexique'),
(272, 'Aux États-Unis'),
(273, '1964'),
(274, '1974'),
(275, '1954'),
(276, '1944'),
(277, 'Le billet de banque'),
(278, 'Le billet doux'),
(279, 'Le billet notarial'),
(280, 'Le billet de loterie'),
(281, 'Esturgeon'),
(282, 'Sandre'),
(283, 'Carpe'),
(284, 'Brochet'),
(285, 'Du lait'),
(286, 'Du café'),
(287, 'Du sucre'),
(288, 'De l''eau'),
(289, 'Une crêpe'),
(290, 'Une gaufre'),
(291, 'Un gâteau'),
(292, 'Une tarte'),
(293, 'La pomme'),
(294, 'La poire'),
(295, 'La pêche'),
(296, 'La prune'),
(297, 'De la viande'),
(298, 'Du sucre'),
(299, 'Du raisin'),
(300, 'Des ananas'),
(301, 'Asti'),
(302, 'Turin'),
(303, 'Rivoli'),
(304, 'Biella'),
(305, 'Du riz'),
(306, 'Du canard'),
(307, 'Du boeuf'),
(308, 'Du saumon'),
(309, 'La menthe'),
(310, 'L''eucalyptus'),
(311, 'Le bleuet'),
(312, 'L''anis'),
(313, 'Gorgonzola'),
(314, 'Corbetta'),
(315, 'Dresano'),
(316, 'Bresso'),
(317, 'Un alcool'),
(318, 'De la gélatine'),
(319, 'Du sapin'),
(320, 'De la crème'),
(321, 'Océan Atlantique'),
(322, 'Océan Arctique'),
(323, 'Océan Indien'),
(324, 'Océan Pacifique'),
(325, 'Australie'),
(326, 'Asie'),
(327, 'Afrique'),
(328, 'Europe'),
(329, 'Pékin'),
(330, 'Shanghai'),
(331, 'Shenzhen'),
(332, 'Canton'),
(333, 'Luxembourg'),
(334, 'Wiltz'),
(335, 'Diekirch'),
(336, 'Vianden'),
(337, 'La Suisse'),
(338, 'Le Danemark'),
(339, 'La Pologne'),
(340, 'L''Autriche'),
(341, 'En Turquie'),
(342, 'En Inde'),
(343, 'En Birmanie'),
(344, 'Au Pakistan'),
(345, 'Cancer'),
(346, 'Sagittaire'),
(347, 'Capricorne'),
(348, 'Taureau'),
(349, 'La Suisse'),
(350, 'Les Pays-Bas'),
(351, 'La Grèce'),
(352, 'La Hongrie'),
(353, 'En Roumanie'),
(354, 'En Bulgarie'),
(355, 'En Hongrie'),
(356, 'En Australie'),
(357, 'Tropique du Cancer'),
(358, 'Tropique du Lion'),
(359, 'Tropique du Loup'),
(360, 'Tropique du Chat'),
(361, 'Highlander'),
(362, 'Subway'),
(363, 'Mad Max'),
(364, 'Greystoke'),
(365, 'Népal'),
(366, 'Pakistan'),
(367, 'Corée du Nord'),
(368, 'Tibet'),
(369, 'Michael'),
(370, 'Sam'),
(371, 'Johnny'),
(372, 'Jerry'),
(373, 'Hervé Vilard'),
(374, 'Serge Lama'),
(375, 'Salvatore Adamo'),
(376, 'Charles Aznavour'),
(377, 'Henri Rousseau'),
(378, 'Edgar Degas'),
(379, 'Salvador Dali'),
(380, 'Pablo Picasso'),
(381, 'Tarzan'),
(382, 'King-Kong'),
(383, 'Nessie'),
(384, 'Le Yéti'),
(385, 'Zéro'),
(386, 'Cinquante'),
(387, 'Treize'),
(388, 'Quarante'),
(389, 'Basset'),
(390, 'Beagle'),
(391, 'Bichon'),
(392, 'Barbet'),
(393, 'Bit'),
(394, 'Byte'),
(395, 'Méga'),
(396, 'Giga'),
(397, 'Quenotte'),
(398, 'Marmotte'),
(399, 'Bouillotte'),
(400, 'Menotte'),
(401, 'Trois'),
(402, 'Cinq'),
(403, 'Deux'),
(404, 'Quatre'),
(405, 'Los Angeles'),
(406, 'Santa Barbara'),
(407, 'San Francisco'),
(408, 'San Diego'),
(409, 'Annie'),
(410, 'Le Piège'),
(411, 'Phobia'),
(412, 'Le Malin'),
(413, 'Lion rugissant'),
(414, 'Tigre blanc'),
(415, 'Loup hurlant'),
(416, 'Chien bondissant'),
(417, 'Un figurant'),
(418, 'Un cadreur'),
(419, 'Un doubleur'),
(420, 'Un technicien'),
(421, 'Jean-Paul Belmondo'),
(422, 'Claude Brasseur'),
(423, 'Michel Bouquet'),
(424, 'Richard Bohringer'),
(425, 'Artistique'),
(426, 'Mécanique'),
(427, 'Concentrique'),
(428, 'Dynamique'),
(429, 'Les droïdes'),
(430, 'Les gynoïdes'),
(431, 'Les cogs'),
(432, 'Les hubos'),
(433, 'Thriller'),
(434, 'Aventure'),
(435, 'Western'),
(436, 'Drame'),
(437, 'Le repérage'),
(438, 'Le casting'),
(439, 'Le montage'),
(440, 'Le storyboard'),
(441, 'Une rose'),
(442, 'Un oeillet'),
(443, 'Une jonquille'),
(444, 'Une tulipe'),
(445, 'En citrouille'),
(446, 'En souris'),
(447, 'En pomme'),
(448, 'En gâteau'),
(449, 'Blanche-Neige'),
(450, 'Tiana'),
(451, 'Pocahontas'),
(452, 'Merida'),
(453, 'Sept'),
(454, 'Cinq'),
(455, 'Six'),
(456, 'Quatre'),
(457, 'Blanche-Neige'),
(458, 'Jasmine'),
(459, 'Cendrillon'),
(460, 'Alice'),
(461, 'Par un baiser'),
(462, 'Par une morsure'),
(463, 'Par une gifle'),
(464, 'Par un chant'),
(465, 'Blanche-Neige'),
(466, 'Cendrillon'),
(467, 'Ariel'),
(468, 'Raiponce'),
(469, 'Cendrillon'),
(470, 'Blanche-Neige'),
(471, 'Alice'),
(472, 'Aurore'),
(473, 'Minuit'),
(474, 'Onze heures'),
(475, 'Trois heures'),
(476, 'Midi'),
(477, 'Blanche-Neige'),
(478, 'Cendrillon'),
(479, 'Fiona'),
(480, 'Esmeralda'),
(481, 'Barbie'),
(482, 'Rosella'),
(483, 'Jasmine'),
(484, 'Blondine'),
(485, 'Bernard Loiseau'),
(486, 'Richard Leblanc'),
(487, 'Patrick Bertron'),
(488, 'Arnaud Lallement'),
(489, 'Georges Simenon'),
(490, 'Roger Foulon'),
(491, 'Michel Delville'),
(492, 'Edmond Lacoste'),
(493, 'Paul McCartney'),
(494, 'Ringo Starr'),
(495, 'George Harrison'),
(496, 'John Lennon'),
(497, 'Sacha Distel'),
(498, 'Eddy Mitchell'),
(499, 'Claude Nougaro'),
(500, 'Enrico Macias'),
(501, 'Dan Brown'),
(502, 'Robert Bloch'),
(503, 'Kent Anderson'),
(504, 'David Baldacci'),
(505, 'Eddie Barclay'),
(506, 'Tristan Duval'),
(507, 'Valéry Zeitoun'),
(508, 'Johnny Stark'),
(509, 'Alain Bashung'),
(510, 'Florent Pagny'),
(511, 'Alain Souchon'),
(512, 'Patrick Bruel'),
(513, 'Roi de la pop'),
(514, 'Fils du roi'),
(515, 'Prince du raï'),
(516, 'Dieu de la scène'),
(517, 'Johnny Hallyday'),
(518, 'Claude Nougaro'),
(519, 'Paul McCartney'),
(520, 'Sacha Distel'),
(521, 'Lyon'),
(522, 'Marseille'),
(523, 'Cannes'),
(524, 'Nice'),
(525, 'Athènes'),
(526, 'Patras'),
(527, 'Larissa'),
(528, 'Héraklion'),
(529, 'Agen'),
(530, 'Tonneins'),
(531, 'Nérac'),
(532, 'Marmande'),
(533, 'Rouge'),
(534, 'Verte'),
(535, 'Blanche'),
(536, 'Jaune'),
(537, 'La Havane'),
(538, 'Guantanamo'),
(539, 'Santiago de Cuba'),
(540, 'Santa Clara'),
(541, 'Thaïlande'),
(542, 'Birmanie'),
(543, 'Malaisie'),
(544, 'Laos'),
(545, 'Brazzaville'),
(546, 'Libreville'),
(547, 'Kinshasa'),
(548, 'Nairobi'),
(549, 'Pékin'),
(550, 'Hong Kong'),
(551, 'Tokyo'),
(552, 'Shanghai'),
(553, 'Madrid'),
(554, 'Barcelone'),
(555, 'Malaga'),
(556, 'Valence'),
(557, 'Inde'),
(558, 'Bangladesh'),
(559, 'Brésil'),
(560, 'Birmanie'),
(561, 'Esturgeon'),
(562, 'Sandre'),
(563, 'Carpe'),
(564, 'Brochet'),
(565, 'Du lait'),
(566, 'Du café'),
(567, 'Du sucre'),
(568, 'De l''eau'),
(569, 'Une crêpe'),
(570, 'Une gaufre'),
(571, 'Un gâteau'),
(572, 'Une tarte'),
(573, 'La pomme'),
(574, 'La poire'),
(575, 'La pêche'),
(576, 'La prune'),
(577, 'De la viande'),
(578, 'Du sucre'),
(579, 'Du raisin'),
(580, 'Des ananas'),
(581, 'Asti'),
(582, 'Turin'),
(583, 'Rivoli'),
(584, 'Biella'),
(585, 'Du riz'),
(586, 'Du canard'),
(587, 'Du boeuf'),
(588, 'Du saumon'),
(589, 'La menthe'),
(590, 'L''eucalyptus'),
(591, 'Le bleuet'),
(592, 'L''anis'),
(593, 'Gorgonzola'),
(594, 'Corbetta'),
(595, 'Dresano'),
(596, 'Bresso'),
(597, 'Un alcool'),
(598, 'De la gélatine'),
(599, 'Du sapin'),
(600, 'De la crème');

--
-- Contraintes pour les tables exportées
--

--
-- Contraintes pour la table `joueur_partie`
--
ALTER TABLE `joueur_partie`
  ADD CONSTRAINT `fk_Score_Joueur1` FOREIGN KEY (`Joueur_idJoueur`) REFERENCES `joueur` (`idJoueur`) ON DELETE NO ACTION ON UPDATE NO ACTION,
  ADD CONSTRAINT `fk_Score_Partie1` FOREIGN KEY (`Partie_idPartie`) REFERENCES `partie` (`idPartie`) ON DELETE NO ACTION ON UPDATE NO ACTION;

--
-- Contraintes pour la table `partie`
--
ALTER TABLE `partie`
  ADD CONSTRAINT `fk_Partie_Categorie1` FOREIGN KEY (`Categorie_idCategorie`) REFERENCES `categorie` (`idCategorie`) ON DELETE NO ACTION ON UPDATE NO ACTION;

--
-- Contraintes pour la table `proposition`
--
ALTER TABLE `proposition`
  ADD CONSTRAINT `fk_Propositions_Question1` FOREIGN KEY (`Question_idQuestion`) REFERENCES `question` (`idQuestion`) ON DELETE NO ACTION ON UPDATE NO ACTION,
  ADD CONSTRAINT `fk_Propositions_Reponse1` FOREIGN KEY (`Reponse_idReponse`) REFERENCES `reponse` (`idReponse`) ON DELETE NO ACTION ON UPDATE NO ACTION;

--
-- Contraintes pour la table `question`
--
ALTER TABLE `question`
  ADD CONSTRAINT `fk_Question_Categorie1` FOREIGN KEY (`Categorie_idCategorie`) REFERENCES `categorie` (`idCategorie`) ON DELETE NO ACTION ON UPDATE NO ACTION,
  ADD CONSTRAINT `fk_Question_Reponse1` FOREIGN KEY (`Reponse_idReponse`) REFERENCES `reponse` (`idReponse`) ON DELETE NO ACTION ON UPDATE NO ACTION;

--
-- Contraintes pour la table `questions_partie`
--
ALTER TABLE `questions_partie`
  ADD CONSTRAINT `fk_Questions_Partie_Partie1` FOREIGN KEY (`Partie_idPartie`) REFERENCES `partie` (`idPartie`) ON DELETE NO ACTION ON UPDATE NO ACTION,
  ADD CONSTRAINT `fk_Questions_Partie_Question1` FOREIGN KEY (`Question_idQuestion`) REFERENCES `question` (`idQuestion`) ON DELETE NO ACTION ON UPDATE NO ACTION,
  ADD CONSTRAINT `questions_partie_ibfk_1` FOREIGN KEY (`idJoueur`) REFERENCES `joueur` (`idJoueur`),
  ADD CONSTRAINT `questions_partie_ibfk_2` FOREIGN KEY (`idReponse`) REFERENCES `reponse` (`idReponse`);

/*!40101 SET CHARACTER_SET_CLIENT=@OLD_CHARACTER_SET_CLIENT */;
/*!40101 SET CHARACTER_SET_RESULTS=@OLD_CHARACTER_SET_RESULTS */;
/*!40101 SET COLLATION_CONNECTION=@OLD_COLLATION_CONNECTION */;
